Domain Code,Domain,Area Code (M49),Area,Element Code,Element,Item Code (FBS),Item,Year Code,Year,Unit,Value,Flag,Flag Description
"FBSH","Food Balances (-2013, old methodology and population)","004","Afghanistan","511","Total Population - Both sexes","S2501","Population","2013","2013","1000 No","30552","X","Value from external organization"
"FBSH","Food Balances (-2013, old methodology and population)","004","Afghanistan","5511","Production","S2511","Wheat and products","2013","2013","1000 t","5169","I","Value imputed by a receiving agency"
"FBSH","Food Balances (-2013, old methodology and population)","004","Afghanistan","5611","Import Quantity","S2511","Wheat and products","2013","2013","1000 t","1173","I","Value imputed by a receiving agency"
"FBSH","Food Balances (-2013, old methodology and population)","004","Afghanistan","5074","Stock Variation","S2511","Wheat and products","2013","2013","1000 t","-350","I","Value imputed by a receiving agency"
"FBSH","Food Balances (-2013, old methodology and population)","004","Afghanistan","5301","Domestic supply quantity","S2511","Wheat and products","2013","2013","1000 t","5992","I","Value imputed by a receiving agency"
"FBSH","Food Balances (-2013, old methodology and population)","004","Afghanistan","5527","Seed","S2511","Wheat and products","2013","2013","1000 t","322","I","Value imputed by a receiving agency"
"FBSH","Food Balances (-2013, old methodology and population)","004","Afghanistan","5123","Losses","S2511","Wheat and products","2013","2013","1000 t","775","I","Value imputed by a receiving agency"
"FBSH","Food Balances (-2013, old methodology and population)","004","Afghanistan","5142","Food","S2511","Wheat and products","2013","2013","1000 t","4895","I","Value imputed by a receiving agency"
"FBSH","Food Balances (-2013, old methodology and population)","004","Afghanistan","645","Food supply quantity (kg/capita/yr)","S2511","Wheat and products","2013","2013","kg/cap","160.23","E","Estimated value"
"FBSH","Food Balances (-2013, old methodology and population)","004","Afghanistan","664","Food supply (kcal/capita/day)","S2511","Wheat and products","2013","2013","kcal/cap/d","1369.4","E","Estimated value"
"FBSH","Food Balances (-2013, old methodology and population)","004","Afghanistan","674","Protein supply quantity (g/capita/day)","S2511","Wheat and products","2013","2013","g/cap/d","36.91","E","Estimated value"
"FBSH","Food Balances (-2013, old methodology and population)","004","Afghanistan","684","Fat supply quantity (g/capita/day)","S2511","Wheat and products","2013","2013","g/cap/d","4.69","E","Estimated value"
"FBSH","Food Balances (-2013, old methodology and population)","004","Afghanistan","5511","Production","S2805","Rice (Milled Equivalent)","2013","2013","1000 t","342","I","Value imputed by a receiving agency"
"FBSH","Food Balances (-2013, old methodology and population)","004","Afghanistan","5611","Import Quantity","S2805","Rice (Milled Equivalent)","2013","2013","1000 t","119","I","Value imputed by a receiving agency"
"FBSH","Food Balances (-2013, old methodology and population)","004","Afghanistan","5301","Domestic supply quantity","S2805","Rice (Milled Equivalent)","2013","2013","1000 t","461","I","Value imputed by a receiving agency"
"FBSH","Food Balances (-2013, old methodology and population)","004","Afghanistan","5527","Seed","S2805","Rice (Milled Equivalent)","2013","2013","1000 t","14","I","Value imputed by a receiving agency"
"FBSH","Food Balances (-2013, old methodology and population)","004","Afghanistan","5123","Losses","S2805","Rice (Milled Equivalent)","2013","2013","1000 t","24","I","Value imputed by a receiving agency"
"FBSH","Food Balances (-2013, old methodology and population)","004","Afghanistan","5142","Food","S2805","Rice (Milled Equivalent)","2013","2013","1000 t","422","I","Value imputed by a receiving agency"
"FBSH","Food Balances (-2013, old methodology and population)","004","Afghanistan","645","Food supply quantity (kg/capita/yr)","S2805","Rice (Milled Equivalent)","2013","2013","kg/cap","13.82","E","Estimated value"
"FBSH","Food Balances (-2013, old methodology and population)","004","Afghanistan","664","Food supply (kcal/capita/day)","S2805","Rice (Milled Equivalent)","2013","2013","kcal/cap/d","141.13","E","Estimated value"
"FBSH","Food Balances (-2013, old methodology and population)","004","Afghanistan","674","Protein supply quantity (g/capita/day)","S2805","Rice (Milled Equivalent)","2013","2013","g/cap/d","2.7","E","Estimated value"
"FBSH","Food Balances (-2013, old methodology and population)","004","Afghanistan","684","Fat supply quantity (g/capita/day)","S2805","Rice (Milled Equivalent)","2013","2013","g/cap/d","0.27","E","Estimated value"
"FBSH","Food Balances (-2013, old methodology and population)","004","Afghanistan","5511","Production","S2513","Barley and products","2013","2013","1000 t","514","I","Value imputed by a receiving agency"
"FBSH","Food Balances (-2013, old methodology and population)","004","Afghanistan","5611","Import Quantity","S2513","Barley and products","2013","2013","1000 t","10","I","Value imputed by a receiving agency"
"FBSH","Food Balances (-2013, old methodology and population)","004","Afghanistan","5074","Stock Variation","S2513","Barley and products","2013","2013","1000 t","0","I","Value imputed by a receiving agency"
"FBSH","Food Balances (-2013, old methodology and population)","004","Afghanistan","5301","Domestic supply quantity","S2513","Barley and products","2013","2013","1000 t","524","I","Value imputed by a receiving agency"
"FBSH","Food Balances (-2013, old methodology and population)","004","Afghanistan","5521","Feed","S2513","Barley and products","2013","2013","1000 t","360","I","Value imputed by a receiving agency"
"FBSH","Food Balances (-2013, old methodology and population)","004","Afghanistan","5527","Seed","S2513","Barley and products","2013","2013","1000 t","22","I","Value imputed by a receiving agency"
"FBSH","Food Balances (-2013, old methodology and population)","004","Afghanistan","5123","Losses","S2513","Barley and products","2013","2013","1000 t","52","I","Value imputed by a receiving agency"
"FBSH","Food Balances (-2013, old methodology and population)","004","Afghanistan","5142","Food","S2513","Barley and products","2013","2013","1000 t","89","I","Value imputed by a receiving agency"
"FBSH","Food Balances (-2013, old methodology and population)","004","Afghanistan","645","Food supply quantity (kg/capita/yr)","S2513","Barley and products","2013","2013","kg/cap","2.92","E","Estimated value"
"FBSH","Food Balances (-2013, old methodology and population)","004","Afghanistan","664","Food supply (kcal/capita/day)","S2513","Barley and products","2013","2013","kcal/cap/d","26.16","E","Estimated value"
"FBSH","Food Balances (-2013, old methodology and population)","004","Afghanistan","674","Protein supply quantity (g/capita/day)","S2513","Barley and products","2013","2013","g/cap/d","0.79","E","Estimated value"
"FBSH","Food Balances (-2013, old methodology and population)","004","Afghanistan","684","Fat supply quantity (g/capita/day)","S2513","Barley and products","2013","2013","g/cap/d","0.24","E","Estimated value"
"FBSH","Food Balances (-2013, old methodology and population)","004","Afghanistan","5511","Production","S2514","Maize and products","2013","2013","1000 t","312","I","Value imputed by a receiving agency"
"FBSH","Food Balances (-2013, old methodology and population)","004","Afghanistan","5611","Import Quantity","S2514","Maize and products","2013","2013","1000 t","1","I","Value imputed by a receiving agency"
"FBSH","Food Balances (-2013, old methodology and population)","004","Afghanistan","5911","Export quantity","S2514","Maize and products","2013","2013","1000 t","0","I","Value imputed by a receiving agency"
"FBSH","Food Balances (-2013, old methodology and population)","004","Afghanistan","5301","Domestic supply quantity","S2514","Maize and products","2013","2013","1000 t","313","I","Value imputed by a receiving agency"
"FBSH","Food Balances (-2013, old methodology and population)","004","Afghanistan","5521","Feed","S2514","Maize and products","2013","2013","1000 t","200","I","Value imputed by a receiving agency"
"FBSH","Food Balances (-2013, old methodology and population)","004","Afghanistan","5527","Seed","S2514","Maize and products","2013","2013","1000 t","5","I","Value imputed by a receiving agency"
"FBSH","Food Balances (-2013, old methodology and population)","004","Afghanistan","5123","Losses","S2514","Maize and products","2013","2013","1000 t","31","I","Value imputed by a receiving agency"
"FBSH","Food Balances (-2013, old methodology and population)","004","Afghanistan","5142","Food","S2514","Maize and products","2013","2013","1000 t","76","I","Value imputed by a receiving agency"
"FBSH","Food Balances (-2013, old methodology and population)","004","Afghanistan","645","Food supply quantity (kg/capita/yr)","S2514","Maize and products","2013","2013","kg/cap","2.5","E","Estimated value"
"FBSH","Food Balances (-2013, old methodology and population)","004","Afghanistan","664","Food supply (kcal/capita/day)","S2514","Maize and products","2013","2013","kcal/cap/d","21.14","E","Estimated value"
"FBSH","Food Balances (-2013, old methodology and population)","004","Afghanistan","674","Protein supply quantity (g/capita/day)","S2514","Maize and products","2013","2013","g/cap/d","0.56","E","Estimated value"
"FBSH","Food Balances (-2013, old methodology and population)","004","Afghanistan","684","Fat supply quantity (g/capita/day)","S2514","Maize and products","2013","2013","g/cap/d","0.3","E","Estimated value"
"FBSH","Food Balances (-2013, old methodology and population)","004","Afghanistan","5511","Production","S2517","Millet and products","2013","2013","1000 t","13","I","Value imputed by a receiving agency"
"FBSH","Food Balances (-2013, old methodology and population)","004","Afghanistan","5301","Domestic supply quantity","S2517","Millet and products","2013","2013","1000 t","13","I","Value imputed by a receiving agency"
"FBSH","Food Balances (-2013, old methodology and population)","004","Afghanistan","5527","Seed","S2517","Millet and products","2013","2013","1000 t","0","I","Value imputed by a receiving agency"
"FBSH","Food Balances (-2013, old methodology and population)","004","Afghanistan","5123","Losses","S2517","Millet and products","2013","2013","1000 t","1","I","Value imputed by a receiving agency"
"FBSH","Food Balances (-2013, old methodology and population)","004","Afghanistan","5142","Food","S2517","Millet and products","2013","2013","1000 t","12","I","Value imputed by a receiving agency"
"FBSH","Food Balances (-2013, old methodology and population)","004","Afghanistan","645","Food supply quantity (kg/capita/yr)","S2517","Millet and products","2013","2013","kg/cap","0.4","E","Estimated value"
"FBSH","Food Balances (-2013, old methodology and population)","004","Afghanistan","664","Food supply (kcal/capita/day)","S2517","Millet and products","2013","2013","kcal/cap/d","3.2","E","Estimated value"
"FBSH","Food Balances (-2013, old methodology and population)","004","Afghanistan","674","Protein supply quantity (g/capita/day)","S2517","Millet and products","2013","2013","g/cap/d","0.08","E","Estimated value"
"FBSH","Food Balances (-2013, old methodology and population)","004","Afghanistan","684","Fat supply quantity (g/capita/day)","S2517","Millet and products","2013","2013","g/cap/d","0.02","E","Estimated value"
"FBSH","Food Balances (-2013, old methodology and population)","004","Afghanistan","5611","Import Quantity","S2520","Cereals, Other","2013","2013","1000 t","0","I","Value imputed by a receiving agency"
"FBSH","Food Balances (-2013, old methodology and population)","004","Afghanistan","5301","Domestic supply quantity","S2520","Cereals, Other","2013","2013","1000 t","0","I","Value imputed by a receiving agency"
"FBSH","Food Balances (-2013, old methodology and population)","004","Afghanistan","5142","Food","S2520","Cereals, Other","2013","2013","1000 t","0","I","Value imputed by a receiving agency"
"FBSH","Food Balances (-2013, old methodology and population)","004","Afghanistan","645","Food supply quantity (kg/capita/yr)","S2520","Cereals, Other","2013","2013","kg/cap","0","E","Estimated value"
"FBSH","Food Balances (-2013, old methodology and population)","004","Afghanistan","664","Food supply (kcal/capita/day)","S2520","Cereals, Other","2013","2013","kcal/cap/d","0","E","Estimated value"
"FBSH","Food Balances (-2013, old methodology and population)","004","Afghanistan","674","Protein supply quantity (g/capita/day)","S2520","Cereals, Other","2013","2013","g/cap/d","0","E","Estimated value"
"FBSH","Food Balances (-2013, old methodology and population)","004","Afghanistan","684","Fat supply quantity (g/capita/day)","S2520","Cereals, Other","2013","2013","g/cap/d","0","E","Estimated value"
"FBSH","Food Balances (-2013, old methodology and population)","004","Afghanistan","5511","Production","S2531","Potatoes and products","2013","2013","1000 t","303","I","Value imputed by a receiving agency"
"FBSH","Food Balances (-2013, old methodology and population)","004","Afghanistan","5611","Import Quantity","S2531","Potatoes and products","2013","2013","1000 t","0","I","Value imputed by a receiving agency"
"FBSH","Food Balances (-2013, old methodology and population)","004","Afghanistan","5911","Export quantity","S2531","Potatoes and products","2013","2013","1000 t","41","I","Value imputed by a receiving agency"
"FBSH","Food Balances (-2013, old methodology and population)","004","Afghanistan","5301","Domestic supply quantity","S2531","Potatoes and products","2013","2013","1000 t","262","I","Value imputed by a receiving agency"
"FBSH","Food Balances (-2013, old methodology and population)","004","Afghanistan","5527","Seed","S2531","Potatoes and products","2013","2013","1000 t","23","I","Value imputed by a receiving agency"
"FBSH","Food Balances (-2013, old methodology and population)","004","Afghanistan","5123","Losses","S2531","Potatoes and products","2013","2013","1000 t","9","I","Value imputed by a receiving agency"
"FBSH","Food Balances (-2013, old methodology and population)","004","Afghanistan","5142","Food","S2531","Potatoes and products","2013","2013","1000 t","230","I","Value imputed by a receiving agency"
"FBSH","Food Balances (-2013, old methodology and population)","004","Afghanistan","645","Food supply quantity (kg/capita/yr)","S2531","Potatoes and products","2013","2013","kg/cap","7.53","E","Estimated value"
"FBSH","Food Balances (-2013, old methodology and population)","004","Afghanistan","664","Food supply (kcal/capita/day)","S2531","Potatoes and products","2013","2013","kcal/cap/d","15.47","E","Estimated value"
"FBSH","Food Balances (-2013, old methodology and population)","004","Afghanistan","674","Protein supply quantity (g/capita/day)","S2531","Potatoes and products","2013","2013","g/cap/d","0.25","E","Estimated value"
"FBSH","Food Balances (-2013, old methodology and population)","004","Afghanistan","684","Fat supply quantity (g/capita/day)","S2531","Potatoes and products","2013","2013","g/cap/d","0.04","E","Estimated value"
"FBSH","Food Balances (-2013, old methodology and population)","004","Afghanistan","5511","Production","S2536","Sugar cane","2013","2013","1000 t","90","I","Value imputed by a receiving agency"
"FBSH","Food Balances (-2013, old methodology and population)","004","Afghanistan","5301","Domestic supply quantity","S2536","Sugar cane","2013","2013","1000 t","90","I","Value imputed by a receiving agency"
"FBSH","Food Balances (-2013, old methodology and population)","004","Afghanistan","5521","Feed","S2536","Sugar cane","2013","2013","1000 t","81","I","Value imputed by a receiving agency"
"FBSH","Food Balances (-2013, old methodology and population)","004","Afghanistan","5131","Processing","S2536","Sugar cane","2013","2013","1000 t","9","I","Value imputed by a receiving agency"
"FBSH","Food Balances (-2013, old methodology and population)","004","Afghanistan","5511","Production","S2537","Sugar beet","2013","2013","1000 t","15","I","Value imputed by a receiving agency"
"FBSH","Food Balances (-2013, old methodology and population)","004","Afghanistan","5301","Domestic supply quantity","S2537","Sugar beet","2013","2013","1000 t","15","I","Value imputed by a receiving agency"
"FBSH","Food Balances (-2013, old methodology and population)","004","Afghanistan","5521","Feed","S2537","Sugar beet","2013","2013","1000 t","0","I","Value imputed by a receiving agency"
"FBSH","Food Balances (-2013, old methodology and population)","004","Afghanistan","5131","Processing","S2537","Sugar beet","2013","2013","1000 t","15","I","Value imputed by a receiving agency"
"FBSH","Food Balances (-2013, old methodology and population)","004","Afghanistan","5511","Production","S2542","Sugar (Raw Equivalent)","2013","2013","1000 t","2","I","Value imputed by a receiving agency"
"FBSH","Food Balances (-2013, old methodology and population)","004","Afghanistan","5611","Import Quantity","S2542","Sugar (Raw Equivalent)","2013","2013","1000 t","271","I","Value imputed by a receiving agency"
"FBSH","Food Balances (-2013, old methodology and population)","004","Afghanistan","5074","Stock Variation","S2542","Sugar (Raw Equivalent)","2013","2013","1000 t","-19","I","Value imputed by a receiving agency"
"FBSH","Food Balances (-2013, old methodology and population)","004","Afghanistan","5301","Domestic supply quantity","S2542","Sugar (Raw Equivalent)","2013","2013","1000 t","255","I","Value imputed by a receiving agency"
"FBSH","Food Balances (-2013, old methodology and population)","004","Afghanistan","5142","Food","S2542","Sugar (Raw Equivalent)","2013","2013","1000 t","255","I","Value imputed by a receiving agency"
"FBSH","Food Balances (-2013, old methodology and population)","004","Afghanistan","645","Food supply quantity (kg/capita/yr)","S2542","Sugar (Raw Equivalent)","2013","2013","kg/cap","8.35","E","Estimated value"
"FBSH","Food Balances (-2013, old methodology and population)","004","Afghanistan","664","Food supply (kcal/capita/day)","S2542","Sugar (Raw Equivalent)","2013","2013","kcal/cap/d","84.06","E","Estimated value"
"FBSH","Food Balances (-2013, old methodology and population)","004","Afghanistan","5611","Import Quantity","S2543","Sweeteners, Other","2013","2013","1000 t","16","I","Value imputed by a receiving agency"
"FBSH","Food Balances (-2013, old methodology and population)","004","Afghanistan","5301","Domestic supply quantity","S2543","Sweeteners, Other","2013","2013","1000 t","16","I","Value imputed by a receiving agency"
"FBSH","Food Balances (-2013, old methodology and population)","004","Afghanistan","5142","Food","S2543","Sweeteners, Other","2013","2013","1000 t","16","I","Value imputed by a receiving agency"
"FBSH","Food Balances (-2013, old methodology and population)","004","Afghanistan","645","Food supply quantity (kg/capita/yr)","S2543","Sweeteners, Other","2013","2013","kg/cap","0.53","E","Estimated value"
"FBSH","Food Balances (-2013, old methodology and population)","004","Afghanistan","664","Food supply (kcal/capita/day)","S2543","Sweeteners, Other","2013","2013","kcal/cap/d","2.27","E","Estimated value"
"FBSH","Food Balances (-2013, old methodology and population)","004","Afghanistan","5511","Production","S2745","Honey","2013","2013","1000 t","2","I","Value imputed by a receiving agency"
"FBSH","Food Balances (-2013, old methodology and population)","004","Afghanistan","5611","Import Quantity","S2745","Honey","2013","2013","1000 t","0","I","Value imputed by a receiving agency"
"FBSH","Food Balances (-2013, old methodology and population)","004","Afghanistan","5911","Export quantity","S2745","Honey","2013","2013","1000 t","0","I","Value imputed by a receiving agency"
"FBSH","Food Balances (-2013, old methodology and population)","004","Afghanistan","5301","Domestic supply quantity","S2745","Honey","2013","2013","1000 t","2","I","Value imputed by a receiving agency"
"FBSH","Food Balances (-2013, old methodology and population)","004","Afghanistan","5142","Food","S2745","Honey","2013","2013","1000 t","2","I","Value imputed by a receiving agency"
"FBSH","Food Balances (-2013, old methodology and population)","004","Afghanistan","645","Food supply quantity (kg/capita/yr)","S2745","Honey","2013","2013","kg/cap","0.07","E","Estimated value"
"FBSH","Food Balances (-2013, old methodology and population)","004","Afghanistan","664","Food supply (kcal/capita/day)","S2745","Honey","2013","2013","kcal/cap/d","0.57","E","Estimated value"
"FBSH","Food Balances (-2013, old methodology and population)","004","Afghanistan","674","Protein supply quantity (g/capita/day)","S2745","Honey","2013","2013","g/cap/d","0","E","Estimated value"
"FBSH","Food Balances (-2013, old methodology and population)","004","Afghanistan","5511","Production","S2549","Pulses, Other and products","2013","2013","1000 t","60","I","Value imputed by a receiving agency"
"FBSH","Food Balances (-2013, old methodology and population)","004","Afghanistan","5611","Import Quantity","S2549","Pulses, Other and products","2013","2013","1000 t","26","I","Value imputed by a receiving agency"
"FBSH","Food Balances (-2013, old methodology and population)","004","Afghanistan","5911","Export quantity","S2549","Pulses, Other and products","2013","2013","1000 t","0","I","Value imputed by a receiving agency"
"FBSH","Food Balances (-2013, old methodology and population)","004","Afghanistan","5301","Domestic supply quantity","S2549","Pulses, Other and products","2013","2013","1000 t","86","I","Value imputed by a receiving agency"
"FBSH","Food Balances (-2013, old methodology and population)","004","Afghanistan","5521","Feed","S2549","Pulses, Other and products","2013","2013","1000 t","4","I","Value imputed by a receiving agency"
"FBSH","Food Balances (-2013, old methodology and population)","004","Afghanistan","5527","Seed","S2549","Pulses, Other and products","2013","2013","1000 t","5","I","Value imputed by a receiving agency"
"FBSH","Food Balances (-2013, old methodology and population)","004","Afghanistan","5123","Losses","S2549","Pulses, Other and products","2013","2013","1000 t","3","I","Value imputed by a receiving agency"
"FBSH","Food Balances (-2013, old methodology and population)","004","Afghanistan","5142","Food","S2549","Pulses, Other and products","2013","2013","1000 t","74","I","Value imputed by a receiving agency"
"FBSH","Food Balances (-2013, old methodology and population)","004","Afghanistan","645","Food supply quantity (kg/capita/yr)","S2549","Pulses, Other and products","2013","2013","kg/cap","2.44","E","Estimated value"
"FBSH","Food Balances (-2013, old methodology and population)","004","Afghanistan","664","Food supply (kcal/capita/day)","S2549","Pulses, Other and products","2013","2013","kcal/cap/d","23.35","E","Estimated value"
"FBSH","Food Balances (-2013, old methodology and population)","004","Afghanistan","674","Protein supply quantity (g/capita/day)","S2549","Pulses, Other and products","2013","2013","g/cap/d","1.56","E","Estimated value"
"FBSH","Food Balances (-2013, old methodology and population)","004","Afghanistan","684","Fat supply quantity (g/capita/day)","S2549","Pulses, Other and products","2013","2013","g/cap/d","0.14","E","Estimated value"
"FBSH","Food Balances (-2013, old methodology and population)","004","Afghanistan","5511","Production","S2551","Nuts and products","2013","2013","1000 t","56","I","Value imputed by a receiving agency"
"FBSH","Food Balances (-2013, old methodology and population)","004","Afghanistan","5911","Export quantity","S2551","Nuts and products","2013","2013","1000 t","12","I","Value imputed by a receiving agency"
"FBSH","Food Balances (-2013, old methodology and population)","004","Afghanistan","5301","Domestic supply quantity","S2551","Nuts and products","2013","2013","1000 t","44","I","Value imputed by a receiving agency"
"FBSH","Food Balances (-2013, old methodology and population)","004","Afghanistan","5142","Food","S2551","Nuts and products","2013","2013","1000 t","44","I","Value imputed by a receiving agency"
"FBSH","Food Balances (-2013, old methodology and population)","004","Afghanistan","645","Food supply quantity (kg/capita/yr)","S2551","Nuts and products","2013","2013","kg/cap","1.45","E","Estimated value"
"FBSH","Food Balances (-2013, old methodology and population)","004","Afghanistan","664","Food supply (kcal/capita/day)","S2551","Nuts and products","2013","2013","kcal/cap/d","11.9","E","Estimated value"
"FBSH","Food Balances (-2013, old methodology and population)","004","Afghanistan","674","Protein supply quantity (g/capita/day)","S2551","Nuts and products","2013","2013","g/cap/d","0.38","E","Estimated value"
"FBSH","Food Balances (-2013, old methodology and population)","004","Afghanistan","684","Fat supply quantity (g/capita/day)","S2551","Nuts and products","2013","2013","g/cap/d","1.07","E","Estimated value"
"FBSH","Food Balances (-2013, old methodology and population)","004","Afghanistan","5511","Production","S2557","Sunflower seed","2013","2013","1000 t","3","I","Value imputed by a receiving agency"
"FBSH","Food Balances (-2013, old methodology and population)","004","Afghanistan","5301","Domestic supply quantity","S2557","Sunflower seed","2013","2013","1000 t","3","I","Value imputed by a receiving agency"
"FBSH","Food Balances (-2013, old methodology and population)","004","Afghanistan","5527","Seed","S2557","Sunflower seed","2013","2013","1000 t","0","I","Value imputed by a receiving agency"
"FBSH","Food Balances (-2013, old methodology and population)","004","Afghanistan","5131","Processing","S2557","Sunflower seed","2013","2013","1000 t","3","I","Value imputed by a receiving agency"
"FBSH","Food Balances (-2013, old methodology and population)","004","Afghanistan","5511","Production","S2559","Cottonseed","2013","2013","1000 t","27","I","Value imputed by a receiving agency"
"FBSH","Food Balances (-2013, old methodology and population)","004","Afghanistan","5911","Export quantity","S2559","Cottonseed","2013","2013","1000 t","0","I","Value imputed by a receiving agency"
"FBSH","Food Balances (-2013, old methodology and population)","004","Afghanistan","5301","Domestic supply quantity","S2559","Cottonseed","2013","2013","1000 t","27","I","Value imputed by a receiving agency"
"FBSH","Food Balances (-2013, old methodology and population)","004","Afghanistan","5527","Seed","S2559","Cottonseed","2013","2013","1000 t","1","I","Value imputed by a receiving agency"
"FBSH","Food Balances (-2013, old methodology and population)","004","Afghanistan","5131","Processing","S2559","Cottonseed","2013","2013","1000 t","26","I","Value imputed by a receiving agency"
"FBSH","Food Balances (-2013, old methodology and population)","004","Afghanistan","5611","Import Quantity","S2560","Coconuts - Incl Copra","2013","2013","1000 t","0","I","Value imputed by a receiving agency"
"FBSH","Food Balances (-2013, old methodology and population)","004","Afghanistan","5301","Domestic supply quantity","S2560","Coconuts - Incl Copra","2013","2013","1000 t","0","I","Value imputed by a receiving agency"
"FBSH","Food Balances (-2013, old methodology and population)","004","Afghanistan","5142","Food","S2560","Coconuts - Incl Copra","2013","2013","1000 t","0","I","Value imputed by a receiving agency"
"FBSH","Food Balances (-2013, old methodology and population)","004","Afghanistan","645","Food supply quantity (kg/capita/yr)","S2560","Coconuts - Incl Copra","2013","2013","kg/cap","0","E","Estimated value"
"FBSH","Food Balances (-2013, old methodology and population)","004","Afghanistan","664","Food supply (kcal/capita/day)","S2560","Coconuts - Incl Copra","2013","2013","kcal/cap/d","0","E","Estimated value"
"FBSH","Food Balances (-2013, old methodology and population)","004","Afghanistan","674","Protein supply quantity (g/capita/day)","S2560","Coconuts - Incl Copra","2013","2013","g/cap/d","0","E","Estimated value"
"FBSH","Food Balances (-2013, old methodology and population)","004","Afghanistan","684","Fat supply quantity (g/capita/day)","S2560","Coconuts - Incl Copra","2013","2013","g/cap/d","0","E","Estimated value"
"FBSH","Food Balances (-2013, old methodology and population)","004","Afghanistan","5511","Production","S2561","Sesame seed","2013","2013","1000 t","32","I","Value imputed by a receiving agency"
"FBSH","Food Balances (-2013, old methodology and population)","004","Afghanistan","5074","Stock Variation","S2561","Sesame seed","2013","2013","1000 t","0","I","Value imputed by a receiving agency"
"FBSH","Food Balances (-2013, old methodology and population)","004","Afghanistan","5911","Export quantity","S2561","Sesame seed","2013","2013","1000 t","11","I","Value imputed by a receiving agency"
"FBSH","Food Balances (-2013, old methodology and population)","004","Afghanistan","5301","Domestic supply quantity","S2561","Sesame seed","2013","2013","1000 t","21","I","Value imputed by a receiving agency"
"FBSH","Food Balances (-2013, old methodology and population)","004","Afghanistan","5527","Seed","S2561","Sesame seed","2013","2013","1000 t","1","I","Value imputed by a receiving agency"
"FBSH","Food Balances (-2013, old methodology and population)","004","Afghanistan","5123","Losses","S2561","Sesame seed","2013","2013","1000 t","1","I","Value imputed by a receiving agency"
"FBSH","Food Balances (-2013, old methodology and population)","004","Afghanistan","5131","Processing","S2561","Sesame seed","2013","2013","1000 t","4","I","Value imputed by a receiving agency"
"FBSH","Food Balances (-2013, old methodology and population)","004","Afghanistan","5142","Food","S2561","Sesame seed","2013","2013","1000 t","16","I","Value imputed by a receiving agency"
"FBSH","Food Balances (-2013, old methodology and population)","004","Afghanistan","645","Food supply quantity (kg/capita/yr)","S2561","Sesame seed","2013","2013","kg/cap","0.52","E","Estimated value"
"FBSH","Food Balances (-2013, old methodology and population)","004","Afghanistan","664","Food supply (kcal/capita/day)","S2561","Sesame seed","2013","2013","kcal/cap/d","8.54","E","Estimated value"
"FBSH","Food Balances (-2013, old methodology and population)","004","Afghanistan","674","Protein supply quantity (g/capita/day)","S2561","Sesame seed","2013","2013","g/cap/d","0.27","E","Estimated value"
"FBSH","Food Balances (-2013, old methodology and population)","004","Afghanistan","684","Fat supply quantity (g/capita/day)","S2561","Sesame seed","2013","2013","g/cap/d","0.77","E","Estimated value"
"FBSH","Food Balances (-2013, old methodology and population)","004","Afghanistan","5511","Production","S2563","Olives (including preserved)","2013","2013","1000 t","7","I","Value imputed by a receiving agency"
"FBSH","Food Balances (-2013, old methodology and population)","004","Afghanistan","5911","Export quantity","S2563","Olives (including preserved)","2013","2013","1000 t","0","I","Value imputed by a receiving agency"
"FBSH","Food Balances (-2013, old methodology and population)","004","Afghanistan","5301","Domestic supply quantity","S2563","Olives (including preserved)","2013","2013","1000 t","7","I","Value imputed by a receiving agency"
"FBSH","Food Balances (-2013, old methodology and population)","004","Afghanistan","5123","Losses","S2563","Olives (including preserved)","2013","2013","1000 t","0","I","Value imputed by a receiving agency"
"FBSH","Food Balances (-2013, old methodology and population)","004","Afghanistan","5131","Processing","S2563","Olives (including preserved)","2013","2013","1000 t","4","I","Value imputed by a receiving agency"
"FBSH","Food Balances (-2013, old methodology and population)","004","Afghanistan","5142","Food","S2563","Olives (including preserved)","2013","2013","1000 t","2","I","Value imputed by a receiving agency"
"FBSH","Food Balances (-2013, old methodology and population)","004","Afghanistan","645","Food supply quantity (kg/capita/yr)","S2563","Olives (including preserved)","2013","2013","kg/cap","0.06","E","Estimated value"
"FBSH","Food Balances (-2013, old methodology and population)","004","Afghanistan","664","Food supply (kcal/capita/day)","S2563","Olives (including preserved)","2013","2013","kcal/cap/d","0.23","E","Estimated value"
"FBSH","Food Balances (-2013, old methodology and population)","004","Afghanistan","674","Protein supply quantity (g/capita/day)","S2563","Olives (including preserved)","2013","2013","g/cap/d","0","E","Estimated value"
"FBSH","Food Balances (-2013, old methodology and population)","004","Afghanistan","684","Fat supply quantity (g/capita/day)","S2563","Olives (including preserved)","2013","2013","g/cap/d","0.03","E","Estimated value"
"FBSH","Food Balances (-2013, old methodology and population)","004","Afghanistan","5511","Production","S2570","Oilcrops, Other","2013","2013","1000 t","3","I","Value imputed by a receiving agency"
"FBSH","Food Balances (-2013, old methodology and population)","004","Afghanistan","5911","Export quantity","S2570","Oilcrops, Other","2013","2013","1000 t","0","I","Value imputed by a receiving agency"
"FBSH","Food Balances (-2013, old methodology and population)","004","Afghanistan","5301","Domestic supply quantity","S2570","Oilcrops, Other","2013","2013","1000 t","3","I","Value imputed by a receiving agency"
"FBSH","Food Balances (-2013, old methodology and population)","004","Afghanistan","5527","Seed","S2570","Oilcrops, Other","2013","2013","1000 t","0","I","Value imputed by a receiving agency"
"FBSH","Food Balances (-2013, old methodology and population)","004","Afghanistan","5123","Losses","S2570","Oilcrops, Other","2013","2013","1000 t","0","I","Value imputed by a receiving agency"
"FBSH","Food Balances (-2013, old methodology and population)","004","Afghanistan","5131","Processing","S2570","Oilcrops, Other","2013","2013","1000 t","2","I","Value imputed by a receiving agency"
"FBSH","Food Balances (-2013, old methodology and population)","004","Afghanistan","5611","Import Quantity","S2571","Soyabean Oil","2013","2013","1000 t","16","I","Value imputed by a receiving agency"
"FBSH","Food Balances (-2013, old methodology and population)","004","Afghanistan","5301","Domestic supply quantity","S2571","Soyabean Oil","2013","2013","1000 t","16","I","Value imputed by a receiving agency"
"FBSH","Food Balances (-2013, old methodology and population)","004","Afghanistan","5142","Food","S2571","Soyabean Oil","2013","2013","1000 t","16","I","Value imputed by a receiving agency"
"FBSH","Food Balances (-2013, old methodology and population)","004","Afghanistan","645","Food supply quantity (kg/capita/yr)","S2571","Soyabean Oil","2013","2013","kg/cap","0.53","E","Estimated value"
"FBSH","Food Balances (-2013, old methodology and population)","004","Afghanistan","664","Food supply (kcal/capita/day)","S2571","Soyabean Oil","2013","2013","kcal/cap/d","12.92","E","Estimated value"
"FBSH","Food Balances (-2013, old methodology and population)","004","Afghanistan","684","Fat supply quantity (g/capita/day)","S2571","Soyabean Oil","2013","2013","g/cap/d","1.46","E","Estimated value"
"FBSH","Food Balances (-2013, old methodology and population)","004","Afghanistan","5611","Import Quantity","S2572","Groundnut Oil","2013","2013","1000 t","0","I","Value imputed by a receiving agency"
"FBSH","Food Balances (-2013, old methodology and population)","004","Afghanistan","5301","Domestic supply quantity","S2572","Groundnut Oil","2013","2013","1000 t","0","I","Value imputed by a receiving agency"
"FBSH","Food Balances (-2013, old methodology and population)","004","Afghanistan","5142","Food","S2572","Groundnut Oil","2013","2013","1000 t","0","I","Value imputed by a receiving agency"
"FBSH","Food Balances (-2013, old methodology and population)","004","Afghanistan","645","Food supply quantity (kg/capita/yr)","S2572","Groundnut Oil","2013","2013","kg/cap","0","E","Estimated value"
"FBSH","Food Balances (-2013, old methodology and population)","004","Afghanistan","664","Food supply (kcal/capita/day)","S2572","Groundnut Oil","2013","2013","kcal/cap/d","0","E","Estimated value"
"FBSH","Food Balances (-2013, old methodology and population)","004","Afghanistan","684","Fat supply quantity (g/capita/day)","S2572","Groundnut Oil","2013","2013","g/cap/d","0","E","Estimated value"
"FBSH","Food Balances (-2013, old methodology and population)","004","Afghanistan","5511","Production","S2573","Sunflowerseed Oil","2013","2013","1000 t","1","I","Value imputed by a receiving agency"
"FBSH","Food Balances (-2013, old methodology and population)","004","Afghanistan","5611","Import Quantity","S2573","Sunflowerseed Oil","2013","2013","1000 t","22","I","Value imputed by a receiving agency"
"FBSH","Food Balances (-2013, old methodology and population)","004","Afghanistan","5301","Domestic supply quantity","S2573","Sunflowerseed Oil","2013","2013","1000 t","23","I","Value imputed by a receiving agency"
"FBSH","Food Balances (-2013, old methodology and population)","004","Afghanistan","5142","Food","S2573","Sunflowerseed Oil","2013","2013","1000 t","23","I","Value imputed by a receiving agency"
"FBSH","Food Balances (-2013, old methodology and population)","004","Afghanistan","645","Food supply quantity (kg/capita/yr)","S2573","Sunflowerseed Oil","2013","2013","kg/cap","0.75","E","Estimated value"
"FBSH","Food Balances (-2013, old methodology and population)","004","Afghanistan","664","Food supply (kcal/capita/day)","S2573","Sunflowerseed Oil","2013","2013","kcal/cap/d","18.19","E","Estimated value"
"FBSH","Food Balances (-2013, old methodology and population)","004","Afghanistan","684","Fat supply quantity (g/capita/day)","S2573","Sunflowerseed Oil","2013","2013","g/cap/d","2.06","E","Estimated value"
"FBSH","Food Balances (-2013, old methodology and population)","004","Afghanistan","5611","Import Quantity","S2574","Rape and Mustard Oil","2013","2013","1000 t","2","I","Value imputed by a receiving agency"
"FBSH","Food Balances (-2013, old methodology and population)","004","Afghanistan","5301","Domestic supply quantity","S2574","Rape and Mustard Oil","2013","2013","1000 t","2","I","Value imputed by a receiving agency"
"FBSH","Food Balances (-2013, old methodology and population)","004","Afghanistan","5142","Food","S2574","Rape and Mustard Oil","2013","2013","1000 t","2","I","Value imputed by a receiving agency"
"FBSH","Food Balances (-2013, old methodology and population)","004","Afghanistan","645","Food supply quantity (kg/capita/yr)","S2574","Rape and Mustard Oil","2013","2013","kg/cap","0.07","E","Estimated value"
"FBSH","Food Balances (-2013, old methodology and population)","004","Afghanistan","664","Food supply (kcal/capita/day)","S2574","Rape and Mustard Oil","2013","2013","kcal/cap/d","1.59","E","Estimated value"
"FBSH","Food Balances (-2013, old methodology and population)","004","Afghanistan","684","Fat supply quantity (g/capita/day)","S2574","Rape and Mustard Oil","2013","2013","g/cap/d","0.18","E","Estimated value"
"FBSH","Food Balances (-2013, old methodology and population)","004","Afghanistan","5511","Production","S2575","Cottonseed Oil","2013","2013","1000 t","5","I","Value imputed by a receiving agency"
"FBSH","Food Balances (-2013, old methodology and population)","004","Afghanistan","5301","Domestic supply quantity","S2575","Cottonseed Oil","2013","2013","1000 t","5","I","Value imputed by a receiving agency"
"FBSH","Food Balances (-2013, old methodology and population)","004","Afghanistan","5154","Other uses (non-food)","S2575","Cottonseed Oil","2013","2013","1000 t","1","I","Value imputed by a receiving agency"
"FBSH","Food Balances (-2013, old methodology and population)","004","Afghanistan","5142","Food","S2575","Cottonseed Oil","2013","2013","1000 t","4","I","Value imputed by a receiving agency"
"FBSH","Food Balances (-2013, old methodology and population)","004","Afghanistan","645","Food supply quantity (kg/capita/yr)","S2575","Cottonseed Oil","2013","2013","kg/cap","0.12","E","Estimated value"
"FBSH","Food Balances (-2013, old methodology and population)","004","Afghanistan","664","Food supply (kcal/capita/day)","S2575","Cottonseed Oil","2013","2013","kcal/cap/d","2.99","E","Estimated value"
"FBSH","Food Balances (-2013, old methodology and population)","004","Afghanistan","684","Fat supply quantity (g/capita/day)","S2575","Cottonseed Oil","2013","2013","g/cap/d","0.34","E","Estimated value"
"FBSH","Food Balances (-2013, old methodology and population)","004","Afghanistan","5611","Import Quantity","S2577","Palm Oil","2013","2013","1000 t","119","I","Value imputed by a receiving agency"
"FBSH","Food Balances (-2013, old methodology and population)","004","Afghanistan","5301","Domestic supply quantity","S2577","Palm Oil","2013","2013","1000 t","119","I","Value imputed by a receiving agency"
"FBSH","Food Balances (-2013, old methodology and population)","004","Afghanistan","5154","Other uses (non-food)","S2577","Palm Oil","2013","2013","1000 t","55","I","Value imputed by a receiving agency"
"FBSH","Food Balances (-2013, old methodology and population)","004","Afghanistan","5142","Food","S2577","Palm Oil","2013","2013","1000 t","64","I","Value imputed by a receiving agency"
"FBSH","Food Balances (-2013, old methodology and population)","004","Afghanistan","645","Food supply quantity (kg/capita/yr)","S2577","Palm Oil","2013","2013","kg/cap","2.09","E","Estimated value"
"FBSH","Food Balances (-2013, old methodology and population)","004","Afghanistan","664","Food supply (kcal/capita/day)","S2577","Palm Oil","2013","2013","kcal/cap/d","50.73","E","Estimated value"
"FBSH","Food Balances (-2013, old methodology and population)","004","Afghanistan","684","Fat supply quantity (g/capita/day)","S2577","Palm Oil","2013","2013","g/cap/d","5.74","E","Estimated value"
"FBSH","Food Balances (-2013, old methodology and population)","004","Afghanistan","5511","Production","S2579","Sesameseed Oil","2013","2013","1000 t","1","I","Value imputed by a receiving agency"
"FBSH","Food Balances (-2013, old methodology and population)","004","Afghanistan","5301","Domestic supply quantity","S2579","Sesameseed Oil","2013","2013","1000 t","1","I","Value imputed by a receiving agency"
"FBSH","Food Balances (-2013, old methodology and population)","004","Afghanistan","5142","Food","S2579","Sesameseed Oil","2013","2013","1000 t","1","I","Value imputed by a receiving agency"
"FBSH","Food Balances (-2013, old methodology and population)","004","Afghanistan","645","Food supply quantity (kg/capita/yr)","S2579","Sesameseed Oil","2013","2013","kg/cap","0.05","E","Estimated value"
"FBSH","Food Balances (-2013, old methodology and population)","004","Afghanistan","664","Food supply (kcal/capita/day)","S2579","Sesameseed Oil","2013","2013","kcal/cap/d","1.15","E","Estimated value"
"FBSH","Food Balances (-2013, old methodology and population)","004","Afghanistan","684","Fat supply quantity (g/capita/day)","S2579","Sesameseed Oil","2013","2013","g/cap/d","0.13","E","Estimated value"
"FBSH","Food Balances (-2013, old methodology and population)","004","Afghanistan","5511","Production","S2580","Olive Oil","2013","2013","1000 t","1","I","Value imputed by a receiving agency"
"FBSH","Food Balances (-2013, old methodology and population)","004","Afghanistan","5611","Import Quantity","S2580","Olive Oil","2013","2013","1000 t","0","I","Value imputed by a receiving agency"
"FBSH","Food Balances (-2013, old methodology and population)","004","Afghanistan","5301","Domestic supply quantity","S2580","Olive Oil","2013","2013","1000 t","1","I","Value imputed by a receiving agency"
"FBSH","Food Balances (-2013, old methodology and population)","004","Afghanistan","5142","Food","S2580","Olive Oil","2013","2013","1000 t","1","I","Value imputed by a receiving agency"
"FBSH","Food Balances (-2013, old methodology and population)","004","Afghanistan","645","Food supply quantity (kg/capita/yr)","S2580","Olive Oil","2013","2013","kg/cap","0.02","E","Estimated value"
"FBSH","Food Balances (-2013, old methodology and population)","004","Afghanistan","664","Food supply (kcal/capita/day)","S2580","Olive Oil","2013","2013","kcal/cap/d","0.47","E","Estimated value"
"FBSH","Food Balances (-2013, old methodology and population)","004","Afghanistan","684","Fat supply quantity (g/capita/day)","S2580","Olive Oil","2013","2013","g/cap/d","0.05","E","Estimated value"
"FBSH","Food Balances (-2013, old methodology and population)","004","Afghanistan","5511","Production","S2586","Oilcrops Oil, Other","2013","2013","1000 t","1","I","Value imputed by a receiving agency"
"FBSH","Food Balances (-2013, old methodology and population)","004","Afghanistan","5611","Import Quantity","S2586","Oilcrops Oil, Other","2013","2013","1000 t","360","I","Value imputed by a receiving agency"
"FBSH","Food Balances (-2013, old methodology and population)","004","Afghanistan","5301","Domestic supply quantity","S2586","Oilcrops Oil, Other","2013","2013","1000 t","361","I","Value imputed by a receiving agency"
"FBSH","Food Balances (-2013, old methodology and population)","004","Afghanistan","5154","Other uses (non-food)","S2586","Oilcrops Oil, Other","2013","2013","1000 t","359","I","Value imputed by a receiving agency"
"FBSH","Food Balances (-2013, old methodology and population)","004","Afghanistan","5142","Food","S2586","Oilcrops Oil, Other","2013","2013","1000 t","2","I","Value imputed by a receiving agency"
"FBSH","Food Balances (-2013, old methodology and population)","004","Afghanistan","645","Food supply quantity (kg/capita/yr)","S2586","Oilcrops Oil, Other","2013","2013","kg/cap","0.08","E","Estimated value"
"FBSH","Food Balances (-2013, old methodology and population)","004","Afghanistan","664","Food supply (kcal/capita/day)","S2586","Oilcrops Oil, Other","2013","2013","kcal/cap/d","1.9","E","Estimated value"
"FBSH","Food Balances (-2013, old methodology and population)","004","Afghanistan","674","Protein supply quantity (g/capita/day)","S2586","Oilcrops Oil, Other","2013","2013","g/cap/d","0","E","Estimated value"
"FBSH","Food Balances (-2013, old methodology and population)","004","Afghanistan","684","Fat supply quantity (g/capita/day)","S2586","Oilcrops Oil, Other","2013","2013","g/cap/d","0.21","E","Estimated value"
"FBSH","Food Balances (-2013, old methodology and population)","004","Afghanistan","5611","Import Quantity","S2601","Tomatoes and products","2013","2013","1000 t","0","I","Value imputed by a receiving agency"
"FBSH","Food Balances (-2013, old methodology and population)","004","Afghanistan","5911","Export quantity","S2601","Tomatoes and products","2013","2013","1000 t","0","I","Value imputed by a receiving agency"
"FBSH","Food Balances (-2013, old methodology and population)","004","Afghanistan","5301","Domestic supply quantity","S2601","Tomatoes and products","2013","2013","1000 t","0","I","Value imputed by a receiving agency"
"FBSH","Food Balances (-2013, old methodology and population)","004","Afghanistan","5142","Food","S2601","Tomatoes and products","2013","2013","1000 t","0","I","Value imputed by a receiving agency"
"FBSH","Food Balances (-2013, old methodology and population)","004","Afghanistan","645","Food supply quantity (kg/capita/yr)","S2601","Tomatoes and products","2013","2013","kg/cap","0","E","Estimated value"
"FBSH","Food Balances (-2013, old methodology and population)","004","Afghanistan","664","Food supply (kcal/capita/day)","S2601","Tomatoes and products","2013","2013","kcal/cap/d","0","E","Estimated value"
"FBSH","Food Balances (-2013, old methodology and population)","004","Afghanistan","674","Protein supply quantity (g/capita/day)","S2601","Tomatoes and products","2013","2013","g/cap/d","0","E","Estimated value"
"FBSH","Food Balances (-2013, old methodology and population)","004","Afghanistan","684","Fat supply quantity (g/capita/day)","S2601","Tomatoes and products","2013","2013","g/cap/d","0","E","Estimated value"
"FBSH","Food Balances (-2013, old methodology and population)","004","Afghanistan","5511","Production","S2605","Vegetables, other","2013","2013","1000 t","916","I","Value imputed by a receiving agency"
"FBSH","Food Balances (-2013, old methodology and population)","004","Afghanistan","5611","Import Quantity","S2605","Vegetables, other","2013","2013","1000 t","124","I","Value imputed by a receiving agency"
"FBSH","Food Balances (-2013, old methodology and population)","004","Afghanistan","5911","Export quantity","S2605","Vegetables, other","2013","2013","1000 t","34","I","Value imputed by a receiving agency"
"FBSH","Food Balances (-2013, old methodology and population)","004","Afghanistan","5301","Domestic supply quantity","S2605","Vegetables, other","2013","2013","1000 t","1007","I","Value imputed by a receiving agency"
"FBSH","Food Balances (-2013, old methodology and population)","004","Afghanistan","5123","Losses","S2605","Vegetables, other","2013","2013","1000 t","122","I","Value imputed by a receiving agency"
"FBSH","Food Balances (-2013, old methodology and population)","004","Afghanistan","5142","Food","S2605","Vegetables, other","2013","2013","1000 t","885","I","Value imputed by a receiving agency"
"FBSH","Food Balances (-2013, old methodology and population)","004","Afghanistan","645","Food supply quantity (kg/capita/yr)","S2605","Vegetables, other","2013","2013","kg/cap","28.97","E","Estimated value"
"FBSH","Food Balances (-2013, old methodology and population)","004","Afghanistan","664","Food supply (kcal/capita/day)","S2605","Vegetables, other","2013","2013","kcal/cap/d","16.89","E","Estimated value"
"FBSH","Food Balances (-2013, old methodology and population)","004","Afghanistan","674","Protein supply quantity (g/capita/day)","S2605","Vegetables, other","2013","2013","g/cap/d","0.85","E","Estimated value"
"FBSH","Food Balances (-2013, old methodology and population)","004","Afghanistan","684","Fat supply quantity (g/capita/day)","S2605","Vegetables, other","2013","2013","g/cap/d","0.13","E","Estimated value"
"FBSH","Food Balances (-2013, old methodology and population)","004","Afghanistan","5511","Production","S2611","Oranges, Mandarines","2013","2013","1000 t","6","I","Value imputed by a receiving agency"
"FBSH","Food Balances (-2013, old methodology and population)","004","Afghanistan","5611","Import Quantity","S2611","Oranges, Mandarines","2013","2013","1000 t","139","I","Value imputed by a receiving agency"
"FBSH","Food Balances (-2013, old methodology and population)","004","Afghanistan","5911","Export quantity","S2611","Oranges, Mandarines","2013","2013","1000 t","0","I","Value imputed by a receiving agency"
"FBSH","Food Balances (-2013, old methodology and population)","004","Afghanistan","5301","Domestic supply quantity","S2611","Oranges, Mandarines","2013","2013","1000 t","145","I","Value imputed by a receiving agency"
"FBSH","Food Balances (-2013, old methodology and population)","004","Afghanistan","5123","Losses","S2611","Oranges, Mandarines","2013","2013","1000 t","0","I","Value imputed by a receiving agency"
"FBSH","Food Balances (-2013, old methodology and population)","004","Afghanistan","5142","Food","S2611","Oranges, Mandarines","2013","2013","1000 t","145","I","Value imputed by a receiving agency"
"FBSH","Food Balances (-2013, old methodology and population)","004","Afghanistan","645","Food supply quantity (kg/capita/yr)","S2611","Oranges, Mandarines","2013","2013","kg/cap","4.75","E","Estimated value"
"FBSH","Food Balances (-2013, old methodology and population)","004","Afghanistan","664","Food supply (kcal/capita/day)","S2611","Oranges, Mandarines","2013","2013","kcal/cap/d","4.14","E","Estimated value"
"FBSH","Food Balances (-2013, old methodology and population)","004","Afghanistan","674","Protein supply quantity (g/capita/day)","S2611","Oranges, Mandarines","2013","2013","g/cap/d","0.07","E","Estimated value"
"FBSH","Food Balances (-2013, old methodology and population)","004","Afghanistan","684","Fat supply quantity (g/capita/day)","S2611","Oranges, Mandarines","2013","2013","g/cap/d","0.01","E","Estimated value"
"FBSH","Food Balances (-2013, old methodology and population)","004","Afghanistan","5511","Production","S2614","Citrus, Other","2013","2013","1000 t","3","I","Value imputed by a receiving agency"
"FBSH","Food Balances (-2013, old methodology and population)","004","Afghanistan","5611","Import Quantity","S2614","Citrus, Other","2013","2013","1000 t","40","I","Value imputed by a receiving agency"
"FBSH","Food Balances (-2013, old methodology and population)","004","Afghanistan","5911","Export quantity","S2614","Citrus, Other","2013","2013","1000 t","2","I","Value imputed by a receiving agency"
"FBSH","Food Balances (-2013, old methodology and population)","004","Afghanistan","5301","Domestic supply quantity","S2614","Citrus, Other","2013","2013","1000 t","41","I","Value imputed by a receiving agency"
"FBSH","Food Balances (-2013, old methodology and population)","004","Afghanistan","5123","Losses","S2614","Citrus, Other","2013","2013","1000 t","2","I","Value imputed by a receiving agency"
"FBSH","Food Balances (-2013, old methodology and population)","004","Afghanistan","5142","Food","S2614","Citrus, Other","2013","2013","1000 t","39","I","Value imputed by a receiving agency"
"FBSH","Food Balances (-2013, old methodology and population)","004","Afghanistan","645","Food supply quantity (kg/capita/yr)","S2614","Citrus, Other","2013","2013","kg/cap","1.29","E","Estimated value"
"FBSH","Food Balances (-2013, old methodology and population)","004","Afghanistan","664","Food supply (kcal/capita/day)","S2614","Citrus, Other","2013","2013","kcal/cap/d","0.92","E","Estimated value"
"FBSH","Food Balances (-2013, old methodology and population)","004","Afghanistan","674","Protein supply quantity (g/capita/day)","S2614","Citrus, Other","2013","2013","g/cap/d","0.02","E","Estimated value"
"FBSH","Food Balances (-2013, old methodology and population)","004","Afghanistan","684","Fat supply quantity (g/capita/day)","S2614","Citrus, Other","2013","2013","g/cap/d","0.01","E","Estimated value"
"FBSH","Food Balances (-2013, old methodology and population)","004","Afghanistan","5611","Import Quantity","S2615","Bananas","2013","2013","1000 t","82","I","Value imputed by a receiving agency"
"FBSH","Food Balances (-2013, old methodology and population)","004","Afghanistan","5301","Domestic supply quantity","S2615","Bananas","2013","2013","1000 t","82","I","Value imputed by a receiving agency"
"FBSH","Food Balances (-2013, old methodology and population)","004","Afghanistan","5142","Food","S2615","Bananas","2013","2013","1000 t","82","I","Value imputed by a receiving agency"
"FBSH","Food Balances (-2013, old methodology and population)","004","Afghanistan","645","Food supply quantity (kg/capita/yr)","S2615","Bananas","2013","2013","kg/cap","2.7","E","Estimated value"
"FBSH","Food Balances (-2013, old methodology and population)","004","Afghanistan","664","Food supply (kcal/capita/day)","S2615","Bananas","2013","2013","kcal/cap/d","4.43","E","Estimated value"
"FBSH","Food Balances (-2013, old methodology and population)","004","Afghanistan","674","Protein supply quantity (g/capita/day)","S2615","Bananas","2013","2013","g/cap/d","0.05","E","Estimated value"
"FBSH","Food Balances (-2013, old methodology and population)","004","Afghanistan","684","Fat supply quantity (g/capita/day)","S2615","Bananas","2013","2013","g/cap/d","0.02","E","Estimated value"
"FBSH","Food Balances (-2013, old methodology and population)","004","Afghanistan","5511","Production","S2617","Apples and products","2013","2013","1000 t","79","I","Value imputed by a receiving agency"
"FBSH","Food Balances (-2013, old methodology and population)","004","Afghanistan","5611","Import Quantity","S2617","Apples and products","2013","2013","1000 t","0","I","Value imputed by a receiving agency"
"FBSH","Food Balances (-2013, old methodology and population)","004","Afghanistan","5911","Export quantity","S2617","Apples and products","2013","2013","1000 t","7","I","Value imputed by a receiving agency"
"FBSH","Food Balances (-2013, old methodology and population)","004","Afghanistan","5301","Domestic supply quantity","S2617","Apples and products","2013","2013","1000 t","72","I","Value imputed by a receiving agency"
"FBSH","Food Balances (-2013, old methodology and population)","004","Afghanistan","5123","Losses","S2617","Apples and products","2013","2013","1000 t","4","I","Value imputed by a receiving agency"
"FBSH","Food Balances (-2013, old methodology and population)","004","Afghanistan","5142","Food","S2617","Apples and products","2013","2013","1000 t","68","I","Value imputed by a receiving agency"
"FBSH","Food Balances (-2013, old methodology and population)","004","Afghanistan","645","Food supply quantity (kg/capita/yr)","S2617","Apples and products","2013","2013","kg/cap","2.22","E","Estimated value"
"FBSH","Food Balances (-2013, old methodology and population)","004","Afghanistan","664","Food supply (kcal/capita/day)","S2617","Apples and products","2013","2013","kcal/cap/d","2.97","E","Estimated value"
"FBSH","Food Balances (-2013, old methodology and population)","004","Afghanistan","674","Protein supply quantity (g/capita/day)","S2617","Apples and products","2013","2013","g/cap/d","0.02","E","Estimated value"
"FBSH","Food Balances (-2013, old methodology and population)","004","Afghanistan","684","Fat supply quantity (g/capita/day)","S2617","Apples and products","2013","2013","g/cap/d","0.01","E","Estimated value"
"FBSH","Food Balances (-2013, old methodology and population)","004","Afghanistan","5611","Import Quantity","S2618","Pineapples and products","2013","2013","1000 t","0","I","Value imputed by a receiving agency"
"FBSH","Food Balances (-2013, old methodology and population)","004","Afghanistan","5301","Domestic supply quantity","S2618","Pineapples and products","2013","2013","1000 t","0","I","Value imputed by a receiving agency"
"FBSH","Food Balances (-2013, old methodology and population)","004","Afghanistan","5142","Food","S2618","Pineapples and products","2013","2013","1000 t","0","I","Value imputed by a receiving agency"
"FBSH","Food Balances (-2013, old methodology and population)","004","Afghanistan","645","Food supply quantity (kg/capita/yr)","S2618","Pineapples and products","2013","2013","kg/cap","0","E","Estimated value"
"FBSH","Food Balances (-2013, old methodology and population)","004","Afghanistan","664","Food supply (kcal/capita/day)","S2618","Pineapples and products","2013","2013","kcal/cap/d","0","E","Estimated value"
"FBSH","Food Balances (-2013, old methodology and population)","004","Afghanistan","5611","Import Quantity","S2619","Dates","2013","2013","1000 t","1","I","Value imputed by a receiving agency"
"FBSH","Food Balances (-2013, old methodology and population)","004","Afghanistan","5301","Domestic supply quantity","S2619","Dates","2013","2013","1000 t","1","I","Value imputed by a receiving agency"
"FBSH","Food Balances (-2013, old methodology and population)","004","Afghanistan","5142","Food","S2619","Dates","2013","2013","1000 t","1","I","Value imputed by a receiving agency"
"FBSH","Food Balances (-2013, old methodology and population)","004","Afghanistan","645","Food supply quantity (kg/capita/yr)","S2619","Dates","2013","2013","kg/cap","0.02","E","Estimated value"
"FBSH","Food Balances (-2013, old methodology and population)","004","Afghanistan","664","Food supply (kcal/capita/day)","S2619","Dates","2013","2013","kcal/cap/d","0.08","E","Estimated value"
"FBSH","Food Balances (-2013, old methodology and population)","004","Afghanistan","674","Protein supply quantity (g/capita/day)","S2619","Dates","2013","2013","g/cap/d","0","E","Estimated value"
"FBSH","Food Balances (-2013, old methodology and population)","004","Afghanistan","684","Fat supply quantity (g/capita/day)","S2619","Dates","2013","2013","g/cap/d","0","E","Estimated value"
"FBSH","Food Balances (-2013, old methodology and population)","004","Afghanistan","5511","Production","S2620","Grapes and products (excl wine)","2013","2013","1000 t","611","I","Value imputed by a receiving agency"
"FBSH","Food Balances (-2013, old methodology and population)","004","Afghanistan","5074","Stock Variation","S2620","Grapes and products (excl wine)","2013","2013","1000 t","0","I","Value imputed by a receiving agency"
"FBSH","Food Balances (-2013, old methodology and population)","004","Afghanistan","5911","Export quantity","S2620","Grapes and products (excl wine)","2013","2013","1000 t","97","I","Value imputed by a receiving agency"
"FBSH","Food Balances (-2013, old methodology and population)","004","Afghanistan","5301","Domestic supply quantity","S2620","Grapes and products (excl wine)","2013","2013","1000 t","513","I","Value imputed by a receiving agency"
"FBSH","Food Balances (-2013, old methodology and population)","004","Afghanistan","5123","Losses","S2620","Grapes and products (excl wine)","2013","2013","1000 t","31","I","Value imputed by a receiving agency"
"FBSH","Food Balances (-2013, old methodology and population)","004","Afghanistan","5142","Food","S2620","Grapes and products (excl wine)","2013","2013","1000 t","483","I","Value imputed by a receiving agency"
"FBSH","Food Balances (-2013, old methodology and population)","004","Afghanistan","645","Food supply quantity (kg/capita/yr)","S2620","Grapes and products (excl wine)","2013","2013","kg/cap","15.8","E","Estimated value"
"FBSH","Food Balances (-2013, old methodology and population)","004","Afghanistan","664","Food supply (kcal/capita/day)","S2620","Grapes and products (excl wine)","2013","2013","kcal/cap/d","29.34","E","Estimated value"
"FBSH","Food Balances (-2013, old methodology and population)","004","Afghanistan","674","Protein supply quantity (g/capita/day)","S2620","Grapes and products (excl wine)","2013","2013","g/cap/d","0.27","E","Estimated value"
"FBSH","Food Balances (-2013, old methodology and population)","004","Afghanistan","684","Fat supply quantity (g/capita/day)","S2620","Grapes and products (excl wine)","2013","2013","g/cap/d","0.12","E","Estimated value"
"FBSH","Food Balances (-2013, old methodology and population)","004","Afghanistan","5511","Production","S2625","Fruits, other","2013","2013","1000 t","304","I","Value imputed by a receiving agency"
"FBSH","Food Balances (-2013, old methodology and population)","004","Afghanistan","5611","Import Quantity","S2625","Fruits, other","2013","2013","1000 t","4","I","Value imputed by a receiving agency"
"FBSH","Food Balances (-2013, old methodology and population)","004","Afghanistan","5074","Stock Variation","S2625","Fruits, other","2013","2013","1000 t","1","I","Value imputed by a receiving agency"
"FBSH","Food Balances (-2013, old methodology and population)","004","Afghanistan","5911","Export quantity","S2625","Fruits, other","2013","2013","1000 t","69","I","Value imputed by a receiving agency"
"FBSH","Food Balances (-2013, old methodology and population)","004","Afghanistan","5301","Domestic supply quantity","S2625","Fruits, other","2013","2013","1000 t","240","I","Value imputed by a receiving agency"
"FBSH","Food Balances (-2013, old methodology and population)","004","Afghanistan","5123","Losses","S2625","Fruits, other","2013","2013","1000 t","17","I","Value imputed by a receiving agency"
"FBSH","Food Balances (-2013, old methodology and population)","004","Afghanistan","5142","Food","S2625","Fruits, other","2013","2013","1000 t","223","I","Value imputed by a receiving agency"
"FBSH","Food Balances (-2013, old methodology and population)","004","Afghanistan","645","Food supply quantity (kg/capita/yr)","S2625","Fruits, other","2013","2013","kg/cap","7.29","E","Estimated value"
"FBSH","Food Balances (-2013, old methodology and population)","004","Afghanistan","664","Food supply (kcal/capita/day)","S2625","Fruits, other","2013","2013","kcal/cap/d","8.97","E","Estimated value"
"FBSH","Food Balances (-2013, old methodology and population)","004","Afghanistan","674","Protein supply quantity (g/capita/day)","S2625","Fruits, other","2013","2013","g/cap/d","0.14","E","Estimated value"
"FBSH","Food Balances (-2013, old methodology and population)","004","Afghanistan","684","Fat supply quantity (g/capita/day)","S2625","Fruits, other","2013","2013","g/cap/d","0.06","E","Estimated value"
"FBSH","Food Balances (-2013, old methodology and population)","004","Afghanistan","5611","Import Quantity","S2630","Coffee and products","2013","2013","1000 t","0","I","Value imputed by a receiving agency"
"FBSH","Food Balances (-2013, old methodology and population)","004","Afghanistan","5301","Domestic supply quantity","S2630","Coffee and products","2013","2013","1000 t","0","I","Value imputed by a receiving agency"
"FBSH","Food Balances (-2013, old methodology and population)","004","Afghanistan","5142","Food","S2630","Coffee and products","2013","2013","1000 t","0","I","Value imputed by a receiving agency"
"FBSH","Food Balances (-2013, old methodology and population)","004","Afghanistan","645","Food supply quantity (kg/capita/yr)","S2630","Coffee and products","2013","2013","kg/cap","0","E","Estimated value"
"FBSH","Food Balances (-2013, old methodology and population)","004","Afghanistan","664","Food supply (kcal/capita/day)","S2630","Coffee and products","2013","2013","kcal/cap/d","0","E","Estimated value"
"FBSH","Food Balances (-2013, old methodology and population)","004","Afghanistan","674","Protein supply quantity (g/capita/day)","S2630","Coffee and products","2013","2013","g/cap/d","0","E","Estimated value"
"FBSH","Food Balances (-2013, old methodology and population)","004","Afghanistan","5611","Import Quantity","S2633","Cocoa Beans and products","2013","2013","1000 t","1","I","Value imputed by a receiving agency"
"FBSH","Food Balances (-2013, old methodology and population)","004","Afghanistan","5301","Domestic supply quantity","S2633","Cocoa Beans and products","2013","2013","1000 t","1","I","Value imputed by a receiving agency"
"FBSH","Food Balances (-2013, old methodology and population)","004","Afghanistan","5142","Food","S2633","Cocoa Beans and products","2013","2013","1000 t","1","I","Value imputed by a receiving agency"
"FBSH","Food Balances (-2013, old methodology and population)","004","Afghanistan","645","Food supply quantity (kg/capita/yr)","S2633","Cocoa Beans and products","2013","2013","kg/cap","0.02","E","Estimated value"
"FBSH","Food Balances (-2013, old methodology and population)","004","Afghanistan","664","Food supply (kcal/capita/day)","S2633","Cocoa Beans and products","2013","2013","kcal/cap/d","0.49","E","Estimated value"
"FBSH","Food Balances (-2013, old methodology and population)","004","Afghanistan","674","Protein supply quantity (g/capita/day)","S2633","Cocoa Beans and products","2013","2013","g/cap/d","0.01","E","Estimated value"
"FBSH","Food Balances (-2013, old methodology and population)","004","Afghanistan","684","Fat supply quantity (g/capita/day)","S2633","Cocoa Beans and products","2013","2013","g/cap/d","0.04","E","Estimated value"
"FBSH","Food Balances (-2013, old methodology and population)","004","Afghanistan","5611","Import Quantity","S2635","Tea (including mate)","2013","2013","1000 t","107","I","Value imputed by a receiving agency"
"FBSH","Food Balances (-2013, old methodology and population)","004","Afghanistan","5301","Domestic supply quantity","S2635","Tea (including mate)","2013","2013","1000 t","107","I","Value imputed by a receiving agency"
"FBSH","Food Balances (-2013, old methodology and population)","004","Afghanistan","5142","Food","S2635","Tea (including mate)","2013","2013","1000 t","107","I","Value imputed by a receiving agency"
"FBSH","Food Balances (-2013, old methodology and population)","004","Afghanistan","645","Food supply quantity (kg/capita/yr)","S2635","Tea (including mate)","2013","2013","kg/cap","3.49","E","Estimated value"
"FBSH","Food Balances (-2013, old methodology and population)","004","Afghanistan","664","Food supply (kcal/capita/day)","S2635","Tea (including mate)","2013","2013","kcal/cap/d","3.82","E","Estimated value"
"FBSH","Food Balances (-2013, old methodology and population)","004","Afghanistan","674","Protein supply quantity (g/capita/day)","S2635","Tea (including mate)","2013","2013","g/cap/d","0.96","E","Estimated value"
"FBSH","Food Balances (-2013, old methodology and population)","004","Afghanistan","5611","Import Quantity","S2640","Pepper","2013","2013","1000 t","0","I","Value imputed by a receiving agency"
"FBSH","Food Balances (-2013, old methodology and population)","004","Afghanistan","5074","Stock Variation","S2640","Pepper","2013","2013","1000 t","0","I","Value imputed by a receiving agency"
"FBSH","Food Balances (-2013, old methodology and population)","004","Afghanistan","5911","Export quantity","S2640","Pepper","2013","2013","1000 t","0","I","Value imputed by a receiving agency"
"FBSH","Food Balances (-2013, old methodology and population)","004","Afghanistan","5301","Domestic supply quantity","S2640","Pepper","2013","2013","1000 t","0","I","Value imputed by a receiving agency"
"FBSH","Food Balances (-2013, old methodology and population)","004","Afghanistan","5142","Food","S2640","Pepper","2013","2013","1000 t","0","I","Value imputed by a receiving agency"
"FBSH","Food Balances (-2013, old methodology and population)","004","Afghanistan","645","Food supply quantity (kg/capita/yr)","S2640","Pepper","2013","2013","kg/cap","0","E","Estimated value"
"FBSH","Food Balances (-2013, old methodology and population)","004","Afghanistan","664","Food supply (kcal/capita/day)","S2640","Pepper","2013","2013","kcal/cap/d","0","E","Estimated value"
"FBSH","Food Balances (-2013, old methodology and population)","004","Afghanistan","674","Protein supply quantity (g/capita/day)","S2640","Pepper","2013","2013","g/cap/d","0","E","Estimated value"
"FBSH","Food Balances (-2013, old methodology and population)","004","Afghanistan","684","Fat supply quantity (g/capita/day)","S2640","Pepper","2013","2013","g/cap/d","0","E","Estimated value"
"FBSH","Food Balances (-2013, old methodology and population)","004","Afghanistan","5511","Production","S2645","Spices, Other","2013","2013","1000 t","13","I","Value imputed by a receiving agency"
"FBSH","Food Balances (-2013, old methodology and population)","004","Afghanistan","5611","Import Quantity","S2645","Spices, Other","2013","2013","1000 t","0","I","Value imputed by a receiving agency"
"FBSH","Food Balances (-2013, old methodology and population)","004","Afghanistan","5074","Stock Variation","S2645","Spices, Other","2013","2013","1000 t","0","I","Value imputed by a receiving agency"
"FBSH","Food Balances (-2013, old methodology and population)","004","Afghanistan","5911","Export quantity","S2645","Spices, Other","2013","2013","1000 t","5","I","Value imputed by a receiving agency"
"FBSH","Food Balances (-2013, old methodology and population)","004","Afghanistan","5301","Domestic supply quantity","S2645","Spices, Other","2013","2013","1000 t","8","I","Value imputed by a receiving agency"
"FBSH","Food Balances (-2013, old methodology and population)","004","Afghanistan","5142","Food","S2645","Spices, Other","2013","2013","1000 t","8","I","Value imputed by a receiving agency"
"FBSH","Food Balances (-2013, old methodology and population)","004","Afghanistan","645","Food supply quantity (kg/capita/yr)","S2645","Spices, Other","2013","2013","kg/cap","0.26","E","Estimated value"
"FBSH","Food Balances (-2013, old methodology and population)","004","Afghanistan","664","Food supply (kcal/capita/day)","S2645","Spices, Other","2013","2013","kcal/cap/d","2.42","E","Estimated value"
"FBSH","Food Balances (-2013, old methodology and population)","004","Afghanistan","674","Protein supply quantity (g/capita/day)","S2645","Spices, Other","2013","2013","g/cap/d","0.11","E","Estimated value"
"FBSH","Food Balances (-2013, old methodology and population)","004","Afghanistan","684","Fat supply quantity (g/capita/day)","S2645","Spices, Other","2013","2013","g/cap/d","0.1","E","Estimated value"
"FBSH","Food Balances (-2013, old methodology and population)","004","Afghanistan","5611","Import Quantity","S2655","Wine","2013","2013","1000 t","0","I","Value imputed by a receiving agency"
"FBSH","Food Balances (-2013, old methodology and population)","004","Afghanistan","5301","Domestic supply quantity","S2655","Wine","2013","2013","1000 t","0","I","Value imputed by a receiving agency"
"FBSH","Food Balances (-2013, old methodology and population)","004","Afghanistan","5142","Food","S2655","Wine","2013","2013","1000 t","0","I","Value imputed by a receiving agency"
"FBSH","Food Balances (-2013, old methodology and population)","004","Afghanistan","645","Food supply quantity (kg/capita/yr)","S2655","Wine","2013","2013","kg/cap","0","E","Estimated value"
"FBSH","Food Balances (-2013, old methodology and population)","004","Afghanistan","664","Food supply (kcal/capita/day)","S2655","Wine","2013","2013","kcal/cap/d","0.01","E","Estimated value"
"FBSH","Food Balances (-2013, old methodology and population)","004","Afghanistan","5611","Import Quantity","S2656","Beer","2013","2013","1000 t","3","I","Value imputed by a receiving agency"
"FBSH","Food Balances (-2013, old methodology and population)","004","Afghanistan","5301","Domestic supply quantity","S2656","Beer","2013","2013","1000 t","3","I","Value imputed by a receiving agency"
"FBSH","Food Balances (-2013, old methodology and population)","004","Afghanistan","5142","Food","S2656","Beer","2013","2013","1000 t","3","I","Value imputed by a receiving agency"
"FBSH","Food Balances (-2013, old methodology and population)","004","Afghanistan","645","Food supply quantity (kg/capita/yr)","S2656","Beer","2013","2013","kg/cap","0.09","E","Estimated value"
"FBSH","Food Balances (-2013, old methodology and population)","004","Afghanistan","664","Food supply (kcal/capita/day)","S2656","Beer","2013","2013","kcal/cap/d","0.12","E","Estimated value"
"FBSH","Food Balances (-2013, old methodology and population)","004","Afghanistan","674","Protein supply quantity (g/capita/day)","S2656","Beer","2013","2013","g/cap/d","0","E","Estimated value"
"FBSH","Food Balances (-2013, old methodology and population)","004","Afghanistan","5611","Import Quantity","S2658","Beverages, Alcoholic","2013","2013","1000 t","0","I","Value imputed by a receiving agency"
"FBSH","Food Balances (-2013, old methodology and population)","004","Afghanistan","5301","Domestic supply quantity","S2658","Beverages, Alcoholic","2013","2013","1000 t","0","I","Value imputed by a receiving agency"
"FBSH","Food Balances (-2013, old methodology and population)","004","Afghanistan","5142","Food","S2658","Beverages, Alcoholic","2013","2013","1000 t","0","I","Value imputed by a receiving agency"
"FBSH","Food Balances (-2013, old methodology and population)","004","Afghanistan","645","Food supply quantity (kg/capita/yr)","S2658","Beverages, Alcoholic","2013","2013","kg/cap","0","E","Estimated value"
"FBSH","Food Balances (-2013, old methodology and population)","004","Afghanistan","664","Food supply (kcal/capita/day)","S2658","Beverages, Alcoholic","2013","2013","kcal/cap/d","0.01","E","Estimated value"
"FBSH","Food Balances (-2013, old methodology and population)","004","Afghanistan","5511","Production","S2731","Bovine Meat","2013","2013","1000 t","134","I","Value imputed by a receiving agency"
"FBSH","Food Balances (-2013, old methodology and population)","004","Afghanistan","5611","Import Quantity","S2731","Bovine Meat","2013","2013","1000 t","6","I","Value imputed by a receiving agency"
"FBSH","Food Balances (-2013, old methodology and population)","004","Afghanistan","5301","Domestic supply quantity","S2731","Bovine Meat","2013","2013","1000 t","140","I","Value imputed by a receiving agency"
"FBSH","Food Balances (-2013, old methodology and population)","004","Afghanistan","5142","Food","S2731","Bovine Meat","2013","2013","1000 t","140","I","Value imputed by a receiving agency"
"FBSH","Food Balances (-2013, old methodology and population)","004","Afghanistan","645","Food supply quantity (kg/capita/yr)","S2731","Bovine Meat","2013","2013","kg/cap","4.59","E","Estimated value"
"FBSH","Food Balances (-2013, old methodology and population)","004","Afghanistan","664","Food supply (kcal/capita/day)","S2731","Bovine Meat","2013","2013","kcal/cap/d","27.03","E","Estimated value"
"FBSH","Food Balances (-2013, old methodology and population)","004","Afghanistan","674","Protein supply quantity (g/capita/day)","S2731","Bovine Meat","2013","2013","g/cap/d","1.89","E","Estimated value"
"FBSH","Food Balances (-2013, old methodology and population)","004","Afghanistan","684","Fat supply quantity (g/capita/day)","S2731","Bovine Meat","2013","2013","g/cap/d","2.1","E","Estimated value"
"FBSH","Food Balances (-2013, old methodology and population)","004","Afghanistan","5511","Production","S2732","Mutton & Goat Meat","2013","2013","1000 t","150","I","Value imputed by a receiving agency"
"FBSH","Food Balances (-2013, old methodology and population)","004","Afghanistan","5301","Domestic supply quantity","S2732","Mutton & Goat Meat","2013","2013","1000 t","150","I","Value imputed by a receiving agency"
"FBSH","Food Balances (-2013, old methodology and population)","004","Afghanistan","5142","Food","S2732","Mutton & Goat Meat","2013","2013","1000 t","150","I","Value imputed by a receiving agency"
"FBSH","Food Balances (-2013, old methodology and population)","004","Afghanistan","645","Food supply quantity (kg/capita/yr)","S2732","Mutton & Goat Meat","2013","2013","kg/cap","4.92","E","Estimated value"
"FBSH","Food Balances (-2013, old methodology and population)","004","Afghanistan","664","Food supply (kcal/capita/day)","S2732","Mutton & Goat Meat","2013","2013","kcal/cap/d","31.22","E","Estimated value"
"FBSH","Food Balances (-2013, old methodology and population)","004","Afghanistan","674","Protein supply quantity (g/capita/day)","S2732","Mutton & Goat Meat","2013","2013","g/cap/d","1.91","E","Estimated value"
"FBSH","Food Balances (-2013, old methodology and population)","004","Afghanistan","684","Fat supply quantity (g/capita/day)","S2732","Mutton & Goat Meat","2013","2013","g/cap/d","2.55","E","Estimated value"
"FBSH","Food Balances (-2013, old methodology and population)","004","Afghanistan","5511","Production","S2734","Poultry Meat","2013","2013","1000 t","26","I","Value imputed by a receiving agency"
"FBSH","Food Balances (-2013, old methodology and population)","004","Afghanistan","5611","Import Quantity","S2734","Poultry Meat","2013","2013","1000 t","48","I","Value imputed by a receiving agency"
"FBSH","Food Balances (-2013, old methodology and population)","004","Afghanistan","5301","Domestic supply quantity","S2734","Poultry Meat","2013","2013","1000 t","75","I","Value imputed by a receiving agency"
"FBSH","Food Balances (-2013, old methodology and population)","004","Afghanistan","5142","Food","S2734","Poultry Meat","2013","2013","1000 t","75","I","Value imputed by a receiving agency"
"FBSH","Food Balances (-2013, old methodology and population)","004","Afghanistan","645","Food supply quantity (kg/capita/yr)","S2734","Poultry Meat","2013","2013","kg/cap","2.45","E","Estimated value"
"FBSH","Food Balances (-2013, old methodology and population)","004","Afghanistan","664","Food supply (kcal/capita/day)","S2734","Poultry Meat","2013","2013","kcal/cap/d","8.52","E","Estimated value"
"FBSH","Food Balances (-2013, old methodology and population)","004","Afghanistan","674","Protein supply quantity (g/capita/day)","S2734","Poultry Meat","2013","2013","g/cap/d","0.87","E","Estimated value"
"FBSH","Food Balances (-2013, old methodology and population)","004","Afghanistan","684","Fat supply quantity (g/capita/day)","S2734","Poultry Meat","2013","2013","g/cap/d","0.53","E","Estimated value"
"FBSH","Food Balances (-2013, old methodology and population)","004","Afghanistan","5511","Production","S2735","Meat, Other","2013","2013","1000 t","12","I","Value imputed by a receiving agency"
"FBSH","Food Balances (-2013, old methodology and population)","004","Afghanistan","5611","Import Quantity","S2735","Meat, Other","2013","2013","1000 t","0","I","Value imputed by a receiving agency"
"FBSH","Food Balances (-2013, old methodology and population)","004","Afghanistan","5301","Domestic supply quantity","S2735","Meat, Other","2013","2013","1000 t","12","I","Value imputed by a receiving agency"
"FBSH","Food Balances (-2013, old methodology and population)","004","Afghanistan","5142","Food","S2735","Meat, Other","2013","2013","1000 t","12","I","Value imputed by a receiving agency"
"FBSH","Food Balances (-2013, old methodology and population)","004","Afghanistan","645","Food supply quantity (kg/capita/yr)","S2735","Meat, Other","2013","2013","kg/cap","0.38","E","Estimated value"
"FBSH","Food Balances (-2013, old methodology and population)","004","Afghanistan","664","Food supply (kcal/capita/day)","S2735","Meat, Other","2013","2013","kcal/cap/d","1.29","E","Estimated value"
"FBSH","Food Balances (-2013, old methodology and population)","004","Afghanistan","674","Protein supply quantity (g/capita/day)","S2735","Meat, Other","2013","2013","g/cap/d","0.17","E","Estimated value"
"FBSH","Food Balances (-2013, old methodology and population)","004","Afghanistan","684","Fat supply quantity (g/capita/day)","S2735","Meat, Other","2013","2013","g/cap/d","0.06","E","Estimated value"
"FBSH","Food Balances (-2013, old methodology and population)","004","Afghanistan","5511","Production","S2736","Offals, Edible","2013","2013","1000 t","53","I","Value imputed by a receiving agency"
"FBSH","Food Balances (-2013, old methodology and population)","004","Afghanistan","5301","Domestic supply quantity","S2736","Offals, Edible","2013","2013","1000 t","53","I","Value imputed by a receiving agency"
"FBSH","Food Balances (-2013, old methodology and population)","004","Afghanistan","5142","Food","S2736","Offals, Edible","2013","2013","1000 t","53","I","Value imputed by a receiving agency"
"FBSH","Food Balances (-2013, old methodology and population)","004","Afghanistan","645","Food supply quantity (kg/capita/yr)","S2736","Offals, Edible","2013","2013","kg/cap","1.72","E","Estimated value"
"FBSH","Food Balances (-2013, old methodology and population)","004","Afghanistan","664","Food supply (kcal/capita/day)","S2736","Offals, Edible","2013","2013","kcal/cap/d","5.27","E","Estimated value"
"FBSH","Food Balances (-2013, old methodology and population)","004","Afghanistan","674","Protein supply quantity (g/capita/day)","S2736","Offals, Edible","2013","2013","g/cap/d","0.77","E","Estimated value"
"FBSH","Food Balances (-2013, old methodology and population)","004","Afghanistan","684","Fat supply quantity (g/capita/day)","S2736","Offals, Edible","2013","2013","g/cap/d","0.2","E","Estimated value"
"FBSH","Food Balances (-2013, old methodology and population)","004","Afghanistan","5511","Production","S2740","Butter, Ghee","2013","2013","1000 t","36","I","Value imputed by a receiving agency"
"FBSH","Food Balances (-2013, old methodology and population)","004","Afghanistan","5611","Import Quantity","S2740","Butter, Ghee","2013","2013","1000 t","0","I","Value imputed by a receiving agency"
"FBSH","Food Balances (-2013, old methodology and population)","004","Afghanistan","5301","Domestic supply quantity","S2740","Butter, Ghee","2013","2013","1000 t","36","I","Value imputed by a receiving agency"
"FBSH","Food Balances (-2013, old methodology and population)","004","Afghanistan","5142","Food","S2740","Butter, Ghee","2013","2013","1000 t","36","I","Value imputed by a receiving agency"
"FBSH","Food Balances (-2013, old methodology and population)","004","Afghanistan","645","Food supply quantity (kg/capita/yr)","S2740","Butter, Ghee","2013","2013","kg/cap","1.17","E","Estimated value"
"FBSH","Food Balances (-2013, old methodology and population)","004","Afghanistan","664","Food supply (kcal/capita/day)","S2740","Butter, Ghee","2013","2013","kcal/cap/d","23.07","E","Estimated value"
"FBSH","Food Balances (-2013, old methodology and population)","004","Afghanistan","674","Protein supply quantity (g/capita/day)","S2740","Butter, Ghee","2013","2013","g/cap/d","0.03","E","Estimated value"
"FBSH","Food Balances (-2013, old methodology and population)","004","Afghanistan","684","Fat supply quantity (g/capita/day)","S2740","Butter, Ghee","2013","2013","g/cap/d","2.61","E","Estimated value"
"FBSH","Food Balances (-2013, old methodology and population)","004","Afghanistan","5611","Import Quantity","S2743","Cream","2013","2013","1000 t","18","I","Value imputed by a receiving agency"
"FBSH","Food Balances (-2013, old methodology and population)","004","Afghanistan","5301","Domestic supply quantity","S2743","Cream","2013","2013","1000 t","18","I","Value imputed by a receiving agency"
"FBSH","Food Balances (-2013, old methodology and population)","004","Afghanistan","5142","Food","S2743","Cream","2013","2013","1000 t","18","I","Value imputed by a receiving agency"
"FBSH","Food Balances (-2013, old methodology and population)","004","Afghanistan","645","Food supply quantity (kg/capita/yr)","S2743","Cream","2013","2013","kg/cap","0.6","E","Estimated value"
"FBSH","Food Balances (-2013, old methodology and population)","004","Afghanistan","664","Food supply (kcal/capita/day)","S2743","Cream","2013","2013","kcal/cap/d","3.23","E","Estimated value"
"FBSH","Food Balances (-2013, old methodology and population)","004","Afghanistan","674","Protein supply quantity (g/capita/day)","S2743","Cream","2013","2013","g/cap/d","0.04","E","Estimated value"
"FBSH","Food Balances (-2013, old methodology and population)","004","Afghanistan","684","Fat supply quantity (g/capita/day)","S2743","Cream","2013","2013","g/cap/d","0.32","E","Estimated value"
"FBSH","Food Balances (-2013, old methodology and population)","004","Afghanistan","5511","Production","S2737","Fats, Animals, Raw","2013","2013","1000 t","14","I","Value imputed by a receiving agency"
"FBSH","Food Balances (-2013, old methodology and population)","004","Afghanistan","5611","Import Quantity","S2737","Fats, Animals, Raw","2013","2013","1000 t","1","I","Value imputed by a receiving agency"
"FBSH","Food Balances (-2013, old methodology and population)","004","Afghanistan","5301","Domestic supply quantity","S2737","Fats, Animals, Raw","2013","2013","1000 t","15","I","Value imputed by a receiving agency"
"FBSH","Food Balances (-2013, old methodology and population)","004","Afghanistan","5142","Food","S2737","Fats, Animals, Raw","2013","2013","1000 t","15","I","Value imputed by a receiving agency"
"FBSH","Food Balances (-2013, old methodology and population)","004","Afghanistan","645","Food supply quantity (kg/capita/yr)","S2737","Fats, Animals, Raw","2013","2013","kg/cap","0.49","E","Estimated value"
"FBSH","Food Balances (-2013, old methodology and population)","004","Afghanistan","664","Food supply (kcal/capita/day)","S2737","Fats, Animals, Raw","2013","2013","kcal/cap/d","11.8","E","Estimated value"
"FBSH","Food Balances (-2013, old methodology and population)","004","Afghanistan","674","Protein supply quantity (g/capita/day)","S2737","Fats, Animals, Raw","2013","2013","g/cap/d","0.01","E","Estimated value"
"FBSH","Food Balances (-2013, old methodology and population)","004","Afghanistan","684","Fat supply quantity (g/capita/day)","S2737","Fats, Animals, Raw","2013","2013","g/cap/d","1.31","E","Estimated value"
"FBSH","Food Balances (-2013, old methodology and population)","004","Afghanistan","5511","Production","S2744","Eggs","2013","2013","1000 t","18","I","Value imputed by a receiving agency"
"FBSH","Food Balances (-2013, old methodology and population)","004","Afghanistan","5611","Import Quantity","S2744","Eggs","2013","2013","1000 t","29","I","Value imputed by a receiving agency"
"FBSH","Food Balances (-2013, old methodology and population)","004","Afghanistan","5301","Domestic supply quantity","S2744","Eggs","2013","2013","1000 t","47","I","Value imputed by a receiving agency"
"FBSH","Food Balances (-2013, old methodology and population)","004","Afghanistan","5527","Seed","S2744","Eggs","2013","2013","1000 t","2","I","Value imputed by a receiving agency"
"FBSH","Food Balances (-2013, old methodology and population)","004","Afghanistan","5123","Losses","S2744","Eggs","2013","2013","1000 t","5","I","Value imputed by a receiving agency"
"FBSH","Food Balances (-2013, old methodology and population)","004","Afghanistan","5142","Food","S2744","Eggs","2013","2013","1000 t","40","I","Value imputed by a receiving agency"
"FBSH","Food Balances (-2013, old methodology and population)","004","Afghanistan","645","Food supply quantity (kg/capita/yr)","S2744","Eggs","2013","2013","kg/cap","1.3","E","Estimated value"
"FBSH","Food Balances (-2013, old methodology and population)","004","Afghanistan","664","Food supply (kcal/capita/day)","S2744","Eggs","2013","2013","kcal/cap/d","5.05","E","Estimated value"
"FBSH","Food Balances (-2013, old methodology and population)","004","Afghanistan","674","Protein supply quantity (g/capita/day)","S2744","Eggs","2013","2013","g/cap/d","0.38","E","Estimated value"
"FBSH","Food Balances (-2013, old methodology and population)","004","Afghanistan","684","Fat supply quantity (g/capita/day)","S2744","Eggs","2013","2013","g/cap/d","0.36","E","Estimated value"
"FBSH","Food Balances (-2013, old methodology and population)","004","Afghanistan","5511","Production","S2848","Milk - Excluding Butter","2013","2013","1000 t","1835","I","Value imputed by a receiving agency"
"FBSH","Food Balances (-2013, old methodology and population)","004","Afghanistan","5611","Import Quantity","S2848","Milk - Excluding Butter","2013","2013","1000 t","248","I","Value imputed by a receiving agency"
"FBSH","Food Balances (-2013, old methodology and population)","004","Afghanistan","5911","Export quantity","S2848","Milk - Excluding Butter","2013","2013","1000 t","0","I","Value imputed by a receiving agency"
"FBSH","Food Balances (-2013, old methodology and population)","004","Afghanistan","5301","Domestic supply quantity","S2848","Milk - Excluding Butter","2013","2013","1000 t","2083","I","Value imputed by a receiving agency"
"FBSH","Food Balances (-2013, old methodology and population)","004","Afghanistan","5521","Feed","S2848","Milk - Excluding Butter","2013","2013","1000 t","123","I","Value imputed by a receiving agency"
"FBSH","Food Balances (-2013, old methodology and population)","004","Afghanistan","5123","Losses","S2848","Milk - Excluding Butter","2013","2013","1000 t","58","I","Value imputed by a receiving agency"
"FBSH","Food Balances (-2013, old methodology and population)","004","Afghanistan","5142","Food","S2848","Milk - Excluding Butter","2013","2013","1000 t","1901","I","Value imputed by a receiving agency"
"FBSH","Food Balances (-2013, old methodology and population)","004","Afghanistan","645","Food supply quantity (kg/capita/yr)","S2848","Milk - Excluding Butter","2013","2013","kg/cap","62.23","E","Estimated value"
"FBSH","Food Balances (-2013, old methodology and population)","004","Afghanistan","664","Food supply (kcal/capita/day)","S2848","Milk - Excluding Butter","2013","2013","kcal/cap/d","99.63","E","Estimated value"
"FBSH","Food Balances (-2013, old methodology and population)","004","Afghanistan","674","Protein supply quantity (g/capita/day)","S2848","Milk - Excluding Butter","2013","2013","g/cap/d","6.12","E","Estimated value"
"FBSH","Food Balances (-2013, old methodology and population)","004","Afghanistan","684","Fat supply quantity (g/capita/day)","S2848","Milk - Excluding Butter","2013","2013","g/cap/d","5.19","E","Estimated value"
"FBSH","Food Balances (-2013, old methodology and population)","004","Afghanistan","5511","Production","S2761","Freshwater Fish","2013","2013","1000 t","2.05","I","Value imputed by a receiving agency"
"FBSH","Food Balances (-2013, old methodology and population)","004","Afghanistan","5611","Import Quantity","S2761","Freshwater Fish","2013","2013","1000 t","0","I","Value imputed by a receiving agency"
"FBSH","Food Balances (-2013, old methodology and population)","004","Afghanistan","5301","Domestic supply quantity","S2761","Freshwater Fish","2013","2013","1000 t","2.05","I","Value imputed by a receiving agency"
"FBSH","Food Balances (-2013, old methodology and population)","004","Afghanistan","5154","Other uses (non-food)","S2761","Freshwater Fish","2013","2013","1000 t","0","I","Value imputed by a receiving agency"
"FBSH","Food Balances (-2013, old methodology and population)","004","Afghanistan","5142","Food","S2761","Freshwater Fish","2013","2013","1000 t","2.05","I","Value imputed by a receiving agency"
"FBSH","Food Balances (-2013, old methodology and population)","004","Afghanistan","645","Food supply quantity (kg/capita/yr)","S2761","Freshwater Fish","2013","2013","kg/cap","0.07","E","Estimated value"
"FBSH","Food Balances (-2013, old methodology and population)","004","Afghanistan","664","Food supply (kcal/capita/day)","S2761","Freshwater Fish","2013","2013","kcal/cap/d","0.13","E","Estimated value"
"FBSH","Food Balances (-2013, old methodology and population)","004","Afghanistan","674","Protein supply quantity (g/capita/day)","S2761","Freshwater Fish","2013","2013","g/cap/d","0.02","E","Estimated value"
"FBSH","Food Balances (-2013, old methodology and population)","004","Afghanistan","684","Fat supply quantity (g/capita/day)","S2761","Freshwater Fish","2013","2013","g/cap/d","0","E","Estimated value"
"FBSH","Food Balances (-2013, old methodology and population)","004","Afghanistan","5611","Import Quantity","S2680","Infant food","2013","2013","1000 t","2","I","Value imputed by a receiving agency"
"FBSH","Food Balances (-2013, old methodology and population)","004","Afghanistan","5301","Domestic supply quantity","S2680","Infant food","2013","2013","1000 t","2","I","Value imputed by a receiving agency"
"FBSH","Food Balances (-2013, old methodology and population)","004","Afghanistan","5142","Food","S2680","Infant food","2013","2013","1000 t","2","I","Value imputed by a receiving agency"
"FBSH","Food Balances (-2013, old methodology and population)","004","Afghanistan","645","Food supply quantity (kg/capita/yr)","S2680","Infant food","2013","2013","kg/cap","0.06","E","Estimated value"
"FBSH","Food Balances (-2013, old methodology and population)","004","Afghanistan","664","Food supply (kcal/capita/day)","S2680","Infant food","2013","2013","kcal/cap/d","0.64","E","Estimated value"
"FBSH","Food Balances (-2013, old methodology and population)","004","Afghanistan","674","Protein supply quantity (g/capita/day)","S2680","Infant food","2013","2013","g/cap/d","0.03","E","Estimated value"
"FBSH","Food Balances (-2013, old methodology and population)","004","Afghanistan","684","Fat supply quantity (g/capita/day)","S2680","Infant food","2013","2013","g/cap/d","0.01","E","Estimated value"
"FBSH","Food Balances (-2013, old methodology and population)","004","Afghanistan","664","Food supply (kcal/capita/day)","S2899","Miscellaneous","2013","2013","kcal/cap/d","0.8","E","Estimated value"
"FBSH","Food Balances (-2013, old methodology and population)","004","Afghanistan","674","Protein supply quantity (g/capita/day)","S2899","Miscellaneous","2013","2013","g/cap/d","0.02","E","Estimated value"
"FBSH","Food Balances (-2013, old methodology and population)","004","Afghanistan","684","Fat supply quantity (g/capita/day)","S2899","Miscellaneous","2013","2013","g/cap/d","0.02","E","Estimated value"
